Company Name,Visits,Data_Volume,Date,Type_of_Data_Stolen,Sector,Industry_Group,Country_of_Origin
snoqualmietribe.us,632,426 GB,13/2/2025 12:49,"Financial & Payment Data, Corporate & Business Data, Legal & Regulatory Data",Consumer Staples,Tobacco,United States
twncomm.com,1358,160 GB,12/2/2025 12:15,"Corporate & Business Data, System & Infrastructure Data, Communication & Social Data",Communication Services,Telecommunication Services,Taiwan
thejdkgroup.com,1345,648 GB,12/2/2025 12:15,Corporate & Business Data,Consumer Discretionary,"Hotels, Restaurants & Leisure",United States
sundanceliving.com,1268,241 GB,12/2/2025 12:14,"Personal Identifiable Information (PII), Financial & Payment Data",Consumer Discretionary,Multiline Retail,United States
rogerspetro.com,1250,92 GB,12/2/2025 12:13,Corporate & Business Data,Energy,Energy Equipment & Services,Canada
minnesotaexteriors.com,1306,258 GB,12/2/2025 12:13,Corporate & Business Data,Industrials,Commercial Services & Supplies,United States
laderalending.com,1282,339 GB,12/2/2025 12:12,Financial & Payment Data,Financials,Banks,United States
krmcustomhomes.com,1230,80 GB,12/2/2025 12:10,Corporate & Business Data,Consumer Discretionary,Homebuilding,United States
ekvallbyrne.com,1246,1.1 TB,12/2/2025 12:09,Corporate & Business Data,Financials,Insurance,Sweden
columbiacabinets.com,1278,198 GB,12/2/2025 12:08,Corporate & Business Data,Consumer Discretionary,Household Durables,United States
burdickpainting.com,1276,482 GB,12/2/2025 12:07,Corporate & Business Data,Industrials,Commercial Services & Supplies,United States
bergconst.com,1181,573 GB,12/2/2025 12:06,Corporate & Business Data,Industrials,Construction & Engineering,United States
steveallcorn.remax.com,1210,56 GB,12/2/2025 12:05,Personal Identifiable Information (PII),Financials,Real Estate,United States
alderconstruction.com,1233,201 GB,12/2/2025 12:03,Corporate & Business Data,Industrials,Construction & Engineering,United States
weathersa.co.za,1320,59GB,12/2/2025 8:29,"Government & Military Data, System & Infrastructure Data",Industrials,Commercial Services & Supplies,South Africa
slchc.edu,1230,38 GB,12/2/2025 8:28,"Personal Identifiable Information (PII), Financial & Payment Data, Corporate & Business Data",Consumer Discretionary,Education Services,United States
www.jsp.com,2606,400GB,4/2/2025 16:55,"Personal Identifiable Information (PII), Authentication & Credential Data",Materials,Chemicals,Japan
primesourcestaffing.com,2329,90 GB,10/2/2025 21:37,"Corporate & Business Data, Financial & Payment Data",Industrials,Human Resources & Employment Services,United States
kaplanstahler.com,2358,29gb,10/2/2025 14:37,Corporate & Business Data,Financials,Insurance,United States
sdfab.com,2319,333gb,10/2/2025 14:27,Corporate & Business Data,Industrials,Building Products,USA
bazcooil.com,2389,63GB,10/2/2025 14:24,Corporate & Business Data,Energy,Energy Equipment & Services,United States
komline.com,2417,109gb,10/2/2025 14:21,"Corporate & Business Data, System & Infrastructure Data",Industrials,Machinery,United States
wwcsd.net,3551,4 TB,9/2/2025 9:33,"Personal Identifiable Information (PII), Authentication & Credential Data, System & Infrastructure Data",Consumer Discretionary,Consumer Services,United States
Hpisd.org,3359,1 TB,9/2/2025 9:29,"Personal Identifiable Information (PII), Authentication & Credential Data",Consumer Discretionary,Consumer Services,United States
sautech.edu,4961,252GB,7/2/2025 11:42,System & Infrastructure Data,Consumer Discretionary,Consumer Services,United States
teamues.com,4782,200GB,6/2/2025 17:39,Corporate & Business Data,Industrials,Commercial & Professional Services,United States
sportadmin.se,6410,300 GB,4/2/2025 16:06,"Personal Identifiable Information (PII), Financial & Payment Data, Authentication & Credential Data, Corporate & Business Data, System & Infrastructure Data",Information Technology,Software,Sweden
www.manpower.com,11710,500GB,22/1/2025 17:56,"Personal Identifiable Information (PII), Financial & Payment Data, Corporate & Business Data, Authentication & Credential Data",Industrials,Human Resource & Employment Services,United States
askgs.ma,769,500gb,3/2/2025 17:47,"Personal Identifiable Information (PII), Financial & Payment Data, Corporate & Business Data, Insurance Data",Financials,Insurance,Morocco
clarkfreightways.com,5256,106 GB,4/2/2025 13:17,"Corporate & Business Data, Financial & Payment Data",Industrials,Trucking,Canada
capstoneins.ca,5291,25 GB,4/2/2025 13:02,"Personal Identifiable Information (PII), Financial & Payment Data, Corporate & Business Data",Financials,Insurance,Canada
www.aymcdonald.com,5561,200gb,31/1/2025 14:51,Corporate & Business Data,Industrials,Machinery,United States
alojaimi.com,5445,10Gb,20/1/2025 9:33,Corporate & Business Data,Industrials,Construction & Engineering,South Africa
www.aswgr.com,5392,350 GB,3/2/2025 16:46,"Corporate & Business Data, Financial & Payment Data",Consumer Discretionary,"Apparel, Accessories & Luxury Goods",United States
www.origene.com,5755,500gb,3/2/2025 13:08,"Intellectual Property (IP) & Research Data, Corporate & Business Data",Health Care,Health Care Equipment & Supplies,United States
smithmidland.com,5747,216 GB,3/2/2025 12:41,"Intellectual Property (IP) & Research Data, Corporate & Business Data, Financial & Payment Data, Legal & Regulatory Data, System & Infrastructure Data",Industrials,Construction Materials,United States
www.wongfleming.com,5537,500gb,3/2/2025 12:33,Corporate & Business Data,Financials,Diversified Financial Services,United States
midwaymetals.com.vn,8611,46GB,29/1/2025 19:27,Corporate & Business Data,Materials,Metals & Mining,Vietnam
www.healthcarewithinreach.org,8334,400gb,27/1/2025 16:43,Medical & Health Records (PHI),Health Care,Health Care Providers & Services,USA
www.pcm.com.mx,13299,3GB,18/1/2025 3:09,Corporate & Business Data,Materials,Paper & Forest Products,Mexico
samsill.com,8928,3.1 TB,23/1/2025 16:05,Corporate & Business Data,Industrials,Commercial Services & Supplies,United States
archaeologicalresearchservices.com,11522,83GB,23/1/2025 15:33,Corporate & Business Data,Industrials,Commercial & Professional Services,United Kingdom
www.missionbank.bank,10743,2.7 TB,18/12/2024 8:02,"Personal Identifiable Information (PII), Financial & Payment Data, Authentication & Credential Data, Corporate & Business Data",Financials,Banks,United States
sdkgroup.com,11150,230GB,21/1/2025 22:01,"Corporate & Business Data, Financial & Payment Data",Industrials,Marine Transportation,Hong Kong
www.grohe.com,10345,100GB,21/1/2025 8:59,Corporate & Business Data,Industrials,Building Products,Germany
ilemgroup.com,10856,16GB,19/1/2025 6:29,"Corporate & Business Data, System & Infrastructure Data",Information Technology,IT Services,Switzerland
www.americanstandard-us.com,10510,400GB,17/1/2025 6:36,Corporate & Business Data,Industrials,Building Products,United States
miedemaproduce.com,10717,11GB,21/1/2025 17:58,Corporate & Business Data,Consumer Staples,Food & Staples Retailing,United States
boardman-hamilton.com,11281,35GB,21/1/2025 17:33,"Corporate & Business Data, Financial & Payment Data, Personal Identifiable Information (PII)",Financials,Insurance,United States
whychoosebw.com,10744,157GB,21/1/2025 14:34,Corporate & Business Data,Materials,Construction Materials,USA
precisionmechsd.com,10265,149GB,21/1/2025 14:28,Corporate & Business Data,Industrials,Construction & Engineering,United States
supremegroup.co.in,10291,102GB,21/1/2025 8:31,"Financial & Payment Data, Corporate & Business Data, Personal Identifiable Information (PII)",Industrials,Auto Components,India
bsegroup.it,13790,142GB,16/1/2025 4:49,System & Infrastructure Data,Industrials,Commercial Services & Supplies,Italy
AKConstructors.com,12504,130GB,14/1/2025 11:15,"Personal Identifiable Information (PII), Corporate & Business Data",Industrials,Construction & Engineering,United States
Intelservice.com,11039,20gb,12/1/2025 12:58,Corporate & Business Data,Energy,Energy Equipment & Services,Nigeria
www.wisesocon.com,13241,40 GB,8/1/2025 14:54,"Corporate & Business Data, System & Infrastructure Data",Information Technology,IT Services,Thailand
mi.edu,12601,1000 GB,20/12/2024 22:40,"Financial & Payment Data, Corporate & Business Data",Financials,Banks,United States
amerplumb.com,13507,495 GB,10/1/2025 16:26,Corporate & Business Data,Industrials,Construction & Engineering,United States
www.fairhallzhang.com,12476,234 GB,9/1/2025 10:19,"Corporate & Business Data, Financial & Payment Data",Financials,Diversified Financial Services,Canada
www.primalwear.com,12250,16 GB,9/1/2025 10:18,Corporate & Business Data,Consumer Discretionary,"Textiles, Apparel & Luxury Goods",United States
www.rotaryeng.co.th,12347,170 GB,9/1/2025 10:17,Corporate & Business Data,Industrials,Construction & Engineering,Thailand
www.mie.com.my,12802,366 GB,9/1/2025 10:14,Corporate & Business Data,Energy,Energy Equipment & Services,Malaysia
www.excelresourcing.co.uk,11927,35 GB,9/1/2025 10:13,Corporate & Business Data,Industrials,Commercial & Professional Services,United Kingdom
www.temotekstil.com.tr,12741,55 GB,9/1/2025 10:11,Corporate & Business Data,Consumer Discretionary,"Textiles, Apparel & Luxury Goods",Turkey
www.leaguecenter.org,12357,116 GB,9/1/2025 8:20,Medical & Health Records (PHI),Health Care,Health Care Providers & Services,United States
drive-lines.com,12425,31GB,9/1/2025 18:29,Corporate & Business Data,Industrials,Machinery,United States
castlehillha.co.uk,12435,21GB,9/1/2025 18:28,Corporate & Business Data,Real Estate,Real Estate Management & Development,United Kingdom
acquafertil.com.br,13183,219 GB,7/1/2025 23:32,Corporate & Business Data,Industrials,Machinery,Brazil
www.geedingconstruction.com,12982,200gb,27/12/2024 22:41,Corporate & Business Data,Industrials,Construction & Engineering,United States
www.alliancemat.com,12891,200gb,27/12/2024 22:39,Corporate & Business Data,Industrials,Trading Companies & Distributors,United States
www.metlife.com,19134,1Tb,30/12/2024 8:03,Corporate & Business Data,Financials,Insurance,United States
groupegm.com,16206,28 GB,1/1/2025 23:38,Corporate & Business Data,Consumer Discretionary,"Hotels, Restaurants & Leisure",France
lianbeng.sg,15870,2TB,1/1/2025 6:31,"Personal Identifiable Information (PII), Financial & Payment Data, Authentication & Credential Data, Corporate & Business Data",Industrials,Construction & Engineering,Singapore
www.psccorporation.com,16751,378 GB,29/12/2024 17:47,Corporate & Business Data,Consumer Staples,Food Products,Singapore
asesoriacamen.es,16601,7 GB,28/12/2024 20:23,Corporate & Business Data,Financials,Diversified Financial Services,Spain
diazfoodsolutions.es,18469,30 GB,26/12/2024 20:24,"Corporate & Business Data, Financial & Payment Data",Consumer Staples,Food Distribution,Spain
www.mccoyglobal.com,18401,472GB,16/12/2024 22:47,Corporate & Business Data,Industrials,Machinery,Canada
www.semfin.com,16941,479 GB,23/12/2024 12:49,Corporate & Business Data,Information Technology,Software,Switzerland
intellinet-es.com,23490,45Gb,18/12/2024 1:50,"Corporate & Business Data, Personal Identifiable Information (PII), Communication & Social Data",Consumer Discretionary,"Hotels, Restaurants & Leisure",Argentina
tabocas.com.br,18651,500GB,20/12/2024 13:11,"Corporate & Business Data, Personal Identifiable Information (PII), System & Infrastructure Data, Intellectual Property (IP) & Research Data",Industrials,Construction & Engineering,Brazil
www.tekni-plex.com,24207,424GB,13/12/2024 9:25,"Authentication & Credential Data, Corporate & Business Data, Financial & Payment Data, Personal Identifiable Information (PII)",Materials,Paper & Packaging,United States
planetgroup.co.il,19729,125 GB,18/12/2024 9:05,"Corporate & Business Data, Financial & Payment Data",Consumer Discretionary,"Apparel, Accessories & Luxury Goods",Israel
nbleisuretrust.org,21129,73 GB,14/12/2024 14:32,Corporate & Business Data,Consumer Discretionary,Consumer Services,United Kingdom
redknee.com,20033,15 GB,14/12/2024 14:24,"Authentication & Credential Data, Corporate & Business Data, Communication & Social Data, System & Infrastructure Data",Information Technology,Software,Canada
medisecure.com.au,18995,1.9 TB,14/12/2024 14:23,"Medical & Health Records (PHI), System & Infrastructure Data",Health Care,Health Care Technology,Australia
choicemg.com,19969,130 GB,14/12/2024 14:20,Corporate & Business Data,Health Care,Health Care Providers & Services,United States
www.specialtree.com,19546,300GB,17/10/2024 13:53,Medical & Health Records (PHI),Health Care,Health Care Providers & Services,United States
scania.pl,20615,1.2TB,16/12/2024 9:46,Corporate & Business Data,Industrials,Machinery,Poland
www.aflak.com.sa,19972,20GB,12/12/2024 12:18,"Corporate & Business Data, Financial & Payment Data, System & Infrastructure Data, Dark Web & Underground Economy Data",Consumer Discretionary,Household Durables,South Africa
Levinlaw.com,19758,35 TB,29/11/2024 20:19,"Personal Identifiable Information (PII), Medical & Health Records (PHI), Corporate & Business Data",Financials,Diversified Financial Services,United States
recope.go.cr,21791,240 GB,9/12/2024 10:38,"Corporate & Business Data, System & Infrastructure Data",Energy,Oil & Gas Refining & Marketing,Costa Rica
tectaamerica.com,19301,1.2TB,10/12/2024 16:46,"Personal Identifiable Information (PII), Financial & Payment Data, Medical & Health Records (PHI), Corporate & Business Data, Authentication & Credential Data",Industrials,Commercial Services & Supplies,United States
greenscape.us.com,20370,236GB,10/12/2024 10:36,"Financial & Payment Data, Corporate & Business Data",Industrials,Commercial Services & Supplies,United States
womenscare.com,18522,141 GB,10/12/2024 10:20,"Personal Identifiable Information (PII), Medical & Health Records (PHI), Corporate & Business Data",Health Care,Health Care Providers & Services,United States
mpdory.com,20211,*GB,25/11/2024 14:06,Corporate & Business Data,Industrials,Construction Materials,United States
inia.es,19019,112GB,9/12/2024 9:56,"Intellectual Property (IP) & Research Data, Government & Military Data",Industrials,Commercial & Professional Services,Spain
pro-mec.com,19093,26 GB,6/12/2024 8:53,Corporate & Business Data,Industrials,Construction & Engineering,Italy
hanwhacimarron.com,19346,200GB,5/12/2024 11:46,Intellectual Property (IP) & Research Data,Industrials,Aerospace & Defense,United States
frigopesca.com.ec,17330,1TB,4/12/2024 22:49,"Personal Identifiable Information (PII), Corporate & Business Data, System & Infrastructure Data",Consumer Staples,Packaged Foods & Meats,Ecuador
islandphoto.com,18338,121GB,4/12/2024 15:52,"Personal Identifiable Information (PII), Financial & Payment Data, Corporate & Business Data",Consumer Discretionary,Media,United States
www.bluco.com,27191,45GB,7/11/2024 21:21,Corporate & Business Data,Industrials,Machinery,United States
www.d47.org,18894,600GB,31/10/2024 19:10,Personal Identifiable Information (PII),Consumer Discretionary,Consumer Services,United States
troxlerlabs.com,19401,300GB,4/12/2024 14:35,System & Infrastructure Data,Industrials,Machinery,United States
westbornmarket.com,19107,26GB,3/12/2024 23:39,"Corporate & Business Data, Financial & Payment Data, Personal Identifiable Information (PII)",Consumer Staples,Food Retail,United States
www.marietta-city.org,17759,500GB,3/12/2024 13:23,"Personal Identifiable Information (PII), Corporate & Business Data",Consumer Discretionary,Consumer Services,United States
3ccaresystems.com,21620,100GB,19/11/2024 8:49,"Medical & Health Records (PHI), Corporate & Business Data",Health Care,Health Care Technology,Germany
comarchs.com,26454,615 GB,11/11/2024 9:30,Corporate & Business Data,Industrials,Commercial Services & Supplies,United States
www.sefiso-atlantique.fr,20086,95 GB,3/12/2024 18:38,Corporate & Business Data,Real Estate,Real Estate Development,France
www.wsgcpa.com,20522,116 GB,3/12/2024 13:05,Corporate & Business Data,Financials,Diversified Financial Services,United States
www.goethe-university-frankfurt.de,17925,180 GB,3/12/2024 12:58,"Intellectual Property (IP) & Research Data, Corporate & Business Data",Consumer Discretionary,Education Services,Germany
www.dalgroup.com,18356,55 GB,3/12/2024 12:56,Corporate & Business Data,Consumer Staples,Food Products,Sudan
www.kiswire.com,19079,58 GB,3/12/2024 12:55,Corporate & Business Data,Materials,Steel,South Korea
www.giorgiovisconti.it,17103,40 GB,3/12/2024 12:53,Corporate & Business Data,Consumer Discretionary,Consumer Durables & Apparel,Italy
www.fibrogen.com,17357,75 GB,3/12/2024 12:36,Intellectual Property (IP) & Research Data,Health Care,Biotechnology,United States
www.iscinc93.com,17428,77 GB,3/12/2024 12:33,Corporate & Business Data,Industrials,Commercial Services & Supplies,United States
KHKKLOW.com,19732,692 Gb,2/12/2024 18:38,Corporate & Business Data,Financials,Diversified Financial Services,Italy
costelloeye.com,19398,50GB,1/12/2024 17:11,"Personal Identifiable Information (PII), Medical & Health Records (PHI)",Health Care,Health Care Providers & Services,United States
tascosaofficemachines.com,17542,46GB,1/12/2024 17:05,"Financial & Payment Data, Corporate & Business Data, Personal Identifiable Information (PII)",Information Technology,"Technology Hardware, Storage & Peripherals",United States
qualitybillingservice.com,18056,133GB,1/12/2024 17:00,"Financial & Payment Data, Medical & Health Records (PHI), Corporate & Business Data",Health Care,Health Care Technology,United States
everde.com,19101,317GB,1/12/2024 16:55,"Personal Identifiable Information (PII), Corporate & Business Data",Consumer Staples,Household Products,United States
internetway.com.br,17432,28GB,1/12/2024 16:10,System & Infrastructure Data,Communication Services,Telecommunication Services,Brazil
ppotts.com,18257,*GB,28/11/2024 16:26,"Corporate & Business Data, System & Infrastructure Data, Intellectual Property (IP) & Research Data",Information Technology,Software,United States
corenroll.com,20031,205 GB,27/11/2024 17:54,"Personal Identifiable Information (PII), Financial & Payment Data, Authentication & Credential Data, Corporate & Business Data, System & Infrastructure Data",Information Technology,Software,United States
tappi.org,20389,100Gb,27/11/2024 17:18,"Corporate & Business Data, Intellectual Property (IP) & Research Data",Materials,Paper & Forest Products,United States
alleghenycontract.com,20409,100Gb,27/11/2024 17:15,Corporate & Business Data,Energy,Energy Equipment & Services,United States
times-supermarket.com,21768,280GB,27/11/2024 16:10,Corporate & Business Data,Consumer Staples,Food Retail,United States
wheelerassoc.com,21380,*GB,27/11/2024 15:04,"Financial & Payment Data, Corporate & Business Data, System & Infrastructure Data",Financials,Commercial Services & Supplies,United States
gronercrm.com.br,20598,822 GB,27/11/2024 12:29,"Corporate & Business Data, Intellectual Property (IP) & Research Data, System & Infrastructure Data",Information Technology,Software,Brazil
osmedica.com.ar,22003,*GB,27/11/2024 6:42,"Personal Identifiable Information (PII), Medical & Health Records (PHI)",Health Care,Health Care Providers & Services,Argentina
facilcreditos.co,19122,70 GB,27/11/2024 2:54,"Corporate & Business Data, Financial & Payment Data",Financials,Consumer Finance,Colombia
www.bent-tree.com,19157,57 GB,26/11/2024 8:10,GICS Sector: Real Estate,Real Estate,Real Estate Management & Development,United States
www.aras-group.ae,20525,70GB,25/11/2024 23:29,Corporate & Business Data,Real Estate,Real Estate Management & Development,United Arab Emirates
bolognafc.it,20603,200Gb,19/11/2024 19:07,"Personal Identifiable Information (PII), Financial & Payment Data, Corporate & Business Data, Medical & Health Records (PHI)",Communication Services,Media,Italy
walkingtree.org,23418,?,26/11/2024 9:43,"Personal Identifiable Information (PII), Financial & Payment Data",Consumer Discretionary,Consumer Services,India
reliv.la,19606,30 GB,26/11/2024 8:19,"Medical & Health Records (PHI), Corporate & Business Data",Health Care,Health Care Technology,Mexico
OfficeZilla.com,20675,*GB,26/11/2024 2:43,Corporate & Business Data,Industrials,Commercial Services & Supplies,United States
cal-tool.com,21229,70GB,22/11/2024 21:17,"Corporate & Business Data, Financial & Payment Data",Industrials,Construction Materials,United States
karberinsulation.com,21859,*GB,25/11/2024 20:18,"Financial & Payment Data, Corporate & Business Data",Industrials,Construction & Engineering,Hungary
minneapolisparks.org,21982,235GB,25/11/2024 15:44,"Financial & Payment Data, Corporate & Business Data, Personal Identifiable Information (PII)",Real Estate,Real Estate Management & Development,United States
yunker.com,21370,309GB,25/11/2024 15:38,"Financial & Payment Data, Corporate & Business Data",Industrials,Commercial Services & Supplies,United States
dienesusa.com,21862,44GB,25/11/2024 15:09,"Financial & Payment Data, Corporate & Business Data, Intellectual Property (IP) & Research Data, Personal Identifiable Information (PII)",Industrials,Machinery,United States
parkleigh.com,21349,5GB,25/11/2024 15:05,Corporate & Business Data,Consumer Discretionary,Specialty Retail,United States
isd109.org,21961,45GB,25/11/2024 14:53,"Financial & Payment Data, Corporate & Business Data",Consumer Discretionary,Consumer Services,United States
coppelltx.gov,20488,442GB,25/11/2024 14:41,"Financial & Payment Data, Corporate & Business Data",Public Sector,Government Services,United States
www.itlindia.com,21294,70 GB,25/11/2024 13:50,Corporate & Business Data,Information Technology,Internet Software & Services,India
blr.com,22151,1.1TB,22/11/2024 15:42,Corporate & Business Data,Information Technology,Software,India
curenta.com,20697,*GB,21/11/2024 18:53,"Medical & Health Records (PHI), Corporate & Business Data, System & Infrastructure Data",Health Care,Health Care Technology,Israel
www.damcapital.in,23152,92GB,21/11/2024 8:08,"Corporate & Business Data, Financial & Payment Data",Financials,Capital Markets,India
scalar.co.il,22082,12 GB,20/11/2024 17:19,Corporate & Business Data,Health Care,Health Care Equipment & Supplies,Israel
polaraire.com,19835,37GB,19/11/2024 22:45,Corporate & Business Data,Industrials,Commercial Services & Supplies,United States
tempaircompany.com,24156,40GB,19/11/2024 12:58,Corporate & Business Data,Industrials,Construction & Engineering,United States
smawins.net,22055,33GB,19/11/2024 12:07,Corporate & Business Data,Industrials,Aerospace & Defense,United States
thinkecs.com,23606,27GB,19/11/2024 9:51,"Corporate & Business Data, System & Infrastructure Data",Information Technology,IT Services,United States
citywestcommercials.co.uk,24201,12GB,19/11/2024 9:32,"Corporate & Business Data, System & Infrastructure Data",Industrials,Trading Companies & Distributors,United Kingdom
hartmannbund.de,24716,12GB,19/11/2024 9:30,"Personal Identifiable Information (PII), Authentication & Credential Data",Health Care,Health Care Providers & Services,Germany
brylesresearch.com,24106,8GB,19/11/2024 9:27,Corporate & Business Data,Real Estate,Real Estate Services,United States
Thebike.com,24766,?,19/11/2024 8:41,Corporate & Business Data,Consumer Discretionary,"Hotels, Restaurants & Leisure",United States
interborosd.org,22148,1.1TB,19/11/2024 8:38,Personal Identifiable Information (PII),Consumer Discretionary,Consumer Services,United States
wulffco.com,23384,32GB,18/11/2024 20:58,Corporate & Business Data,Consumer Discretionary,Auto Components,United States
www.depewgillen.com,6547,1500 GB,30/10/2024 22:39,"Corporate & Business Data, Financial & Payment Data, Authentication & Credential Data",Health Care,Health Care Providers & Services,United States
waive.com.au,21895,30 GB,18/11/2024 11:41,Corporate & Business Data,Information Technology,Software,Australia
Jornstax.com,21384,60 GB,18/11/2024 10:57,"Financial & Payment Data, Corporate & Business Data",Financials,Diversified Financial Services,United States
allconstructiongroupwv.com,24462,122GB,18/11/2024 10:54,"Financial & Payment Data, Corporate & Business Data, Personal Identifiable Information (PII)",Industrials,Construction & Engineering,United States
sealevelinc.com,22611,235GB,18/11/2024 7:17,"Corporate & Business Data, Personal Identifiable Information (PII)",Industrials,Construction & Engineering,United States
jergenspiping.com,24200,18GB,18/11/2024 6:21,Corporate & Business Data,Industrials,Construction & Engineering,Norway
totaldevelopmentsolutions.com,21262,85GB,16/11/2024 11:41,Corporate & Business Data,Industrials,Construction & Engineering,United Kingdom
potteau.com,22576,13GB,15/11/2024 18:32,Corporate & Business Data,Industrials,Commercial Services & Supplies,Belgium
jhs.co.uk,24701,16GB,15/11/2024 18:21,Corporate & Business Data,Consumer Discretionary,Consumer Durables & Apparel,United Kingdom
Medigroup.ca,27525,500gb,3/11/2024 10:57,"Personal Identifiable Information (PII), Medical & Health Records (PHI), Financial & Payment Data, Authentication & Credential Data",Health Care,Health Care Providers & Services,Canada
tolbertlegal.com,26547,260 GB,11/11/2024 9:39,"Corporate & Business Data, Financial & Payment Data, Personal Identifiable Information (PII)",Financials,Insurance,United States
nynewspapers.com,27535,280 GB,11/11/2024 9:15,"Corporate & Business Data, Financial & Payment Data",Communication Services,Media,United States
bartleycorp.com,27472,190GB,8/11/2024 20:21,"Corporate & Business Data, Financial & Payment Data",Industrials,Construction Materials,United States
interlabel.be,28948,7.8GB,8/11/2024 16:55,Corporate & Business Data,Industrials,Commercial Printing,Belgium
del-electric.com,27858,143GB,7/11/2024 22:38,"Corporate & Business Data, Financial & Payment Data, Personal Identifiable Information (PII)",Industrials,Construction & Engineering,Italy
bitquail.com,26799,112GB,5/11/2024 13:25,"Corporate & Business Data, System & Infrastructure Data",Information Technology,Software,Netherlands
geminiindustriesinc.com,27762,80Gb,29/10/2024 12:27,"Corporate & Business Data, Financial & Payment Data, System & Infrastructure Data",Materials,Chemicals,United States
www.cenergica.com,28135,215GB,7/11/2024 21:20,Corporate & Business Data,Utilities,Independent Power Producers & Energy Traders,El Salvador
www.fdc.ie,30090,10GB,7/11/2024 21:18,Corporate & Business Data,Financials,Diversified Financial Services,Ireland
nelconinc.biz,28950,*GB,7/11/2024 20:04,"Financial & Payment Data, Corporate & Business Data",Industrials,Construction Materials,United States
www.msdl.ca,27997,1.42Tb,6/11/2024 22:37,Corporate & Business Data,Industrials,Commercial Services & Supplies,Canada
arcoexc.com,29752,104GB,6/11/2024 11:59,"Financial & Payment Data, Corporate & Business Data",Industrials,Construction & Engineering,United Arab Emirates
brandenburgerplumbing.com,23451,55GB,6/11/2024 11:37,"Financial & Payment Data, Corporate & Business Data",Industrials,Construction & Engineering,Australia
sector5.ro,28772,*GB,5/11/2024 16:47,"Personal Identifiable Information (PII), Communication & Social Data, Government & Military Data",Public Sector,Government Services,Romania 
metroelectric.com,28141,580GB,5/11/2024 23:21,Corporate & Business Data,Industrials,Construction & Engineering,United States
pacificglazing.com,29869,53GB,5/11/2024 21:31,"Corporate & Business Data, Financial & Payment Data, Personal Identifiable Information (PII)",Industrials,Construction & Engineering,Canada
nwhealthporter.com,27109,199GB,5/11/2024 21:23,Medical & Health Records (PHI),Health Care,Health Care Providers & Services,United States
apoyoconsultoria.com,29204,65 GB,5/11/2024 11:35,Corporate & Business Data,Financials,Capital Markets,Peru
sundt.com,27728,*GB,4/11/2024 21:52,"Financial & Payment Data, Personal Identifiable Information (PII), Authentication & Credential Data, Corporate & Business Data, Intellectual Property (IP) & Research Data",Industrials,Construction & Engineering,Norway
www.mssupply.com,29933,196GB,4/11/2024 16:07,Corporate & Business Data,Industrials,Trading Companies & Distributors,United States
www.drbutlerandassociates.com,26500,92GB,4/11/2024 16:03,Medical & Health Records (PHI),Health Care,Health Care Providers & Services,United States
www.schweiker.de,30696,198GB,4/11/2024 15:46,Corporate & Business Data,Industrials,Building Products,Germany
kenanasugarcompany.com,28450,*GB,4/11/2024 15:22,Corporate & Business Data,Consumer Staples,Food Products,Sudan
goodline.com.au,30546,600 gb,4/11/2024 15:01,Corporate & Business Data,Industrials,Construction & Engineering,Australia
maxdata.com.br,30451,*GB,4/11/2024 14:51,Corporate & Business Data,Industrials,Construction & Engineering,Brazil
redphoenixconstruction.com,28039,1GB,4/11/2024 9:08,"Financial & Payment Data, Corporate & Business Data",Financials,Diversified Financial Services,Canada
csucontracting.com,30497,198GB,4/11/2024 8:24,Corporate & Business Data,Industrials,Construction & Engineering,United States
lambertstonecommercial.com,30183,10GB,3/11/2024 23:34,Corporate & Business Data,Industrials,Construction Materials,United Kingdom
caseconstruction.com,27431,17GB,3/11/2024 23:07,Corporate & Business Data,Industrials,Construction & Engineering,United States
krigerconstruction.com,28044,82GB,3/11/2024 22:49,Corporate & Business Data,Industrials,Construction & Engineering,United States
bravodigitaltrader.co.uk,31190,25 GB,2/11/2024 13:32,Corporate & Business Data,Financials,Insurance,United Kingdom
lighthouseelectric.com,30331,41GB,1/11/2024 11:27,"Financial & Payment Data, Corporate & Business Data",Industrials,Construction & Engineering,United States
www.rosito-bisani.com,31222,105 GB,1/11/2024 11:57,Corporate & Business Data,Industrials,Machinery,United States
www.ua4rent.com,32377,71 GB,1/11/2024 11:54,Corporate & Business Data,Real Estate,Real Estate Management & Development,United States
www.usm.cl,31802,46 GB,1/11/2024 11:52,"Corporate & Business Data, Intellectual Property (IP) & Research Data",Education,Educational Services,Chile
www.tigre.gob.ar,30409,76 GB,1/11/2024 11:50,Corporate & Business Data,Real Estate,Real Estate Management & Development,Argentina
www.tetco-group.com,33667,27 GB,1/11/2024 11:48,"Corporate & Business Data, Intellectual Property (IP) & Research Data",Energy,Energy Equipment & Services,South Africa
www.fatboysfleetandauto.com,32576,200 GB,1/11/2024 11:45,Corporate & Business Data,Industrials,Auto Components,United States
www.sym-global.com,30194,265 GB,1/11/2024 11:44,Corporate & Business Data,Consumer Discretionary,Automobiles,Taiwan
eap.gr,33834,813 GB,1/11/2024 14:00,"Corporate & Business Data, Financial & Payment Data, Personal Identifiable Information (PII)",Communication Services,Education Services,Greece
www.mabeglobal.com,33823,1.5 TB,31/10/2024 13:18,Corporate & Business Data,Consumer Discretionary,Household Durables,Mexico
granjazul.com,33707,300GB,26/10/2024 2:42,Corporate & Business Data,Consumer Staples,Food Products,Guatemala
illumin8global.com,30878,38 GB,30/10/2024 16:18,"Financial & Payment Data, Corporate & Business Data, System & Infrastructure Data",Consumer Discretionary,Household Durables,United Arab Emirates
nagucoop.com,30875,185 GB,30/10/2024 9:26,"Personal Identifiable Information (PII), Financial & Payment Data, Corporate & Business Data",Financials,Banks,Guatemala
tlie.org,30813,57 GB,30/10/2024 9:17,Corporate & Business Data,Financials,Insurance,United States
www.baymark.com,31173,1.5TB,24/10/2024 20:38,"Personal Identifiable Information (PII), Medical & Health Records (PHI), Corporate & Business Data",Health Care,Health Care Providers & Services,United States
hcfinc.com,32435,250GB,29/10/2024 9:10,Medical & Health Records (PHI),Health Care,Health Care Providers & Services,United States
noblehouse.com.ph,31035,800GB,27/10/2024 19:02,Corporate & Business Data,Consumer Discretionary,Distributors,Philippines
harrispersonalinjury.com,32837,746GB,28/10/2024 9:49,Corporate & Business Data,Financials,Insurance,United States
www.guymontigers.com,28349,168 GB,28/10/2024 9:43,System & Infrastructure Data,Communication Services,Media,Australia
flueid.com,32175,500 GB,28/10/2024 8:51,"Corporate & Business Data, System & Infrastructure Data",Information Technology,Software,United States
payxpress.co.il,35522,*GB,27/10/2024 9:15,"Financial & Payment Data, Corporate & Business Data",Financials,Financial Technology,Israel
mkarrari.com.br,34113,202GB,24/10/2024 8:59,Corporate & Business Data,Consumer Staples,Personal Care Products,Brazil
melangesystems.com,33391,1.2TB,23/10/2024 4:07,"Personal Identifiable Information (PII), Authentication & Credential Data, Corporate & Business Data, Intellectual Property (IP) & Research Data",Information Technology,Communications Equipment,India
Groupseco.com,38494,135GB,25/10/2024 3:45,Corporate & Business Data,Industrials,Commercial & Professional Services,Belgium
www.resourceinternational.com,37062,300GB,24/10/2024 19:54,Corporate & Business Data,Industrials,Construction & Engineering,United States
www.kciconst.com,35478,260GB,24/10/2024 19:30,Corporate & Business Data,Industrials,Construction & Engineering,United States
blalockcompanies.com,36103,130GB,24/10/2024 19:25,Corporate & Business Data,Materials,Construction Materials,United States
bulloch.solutions,36586,600gb,23/10/2024 17:49,System & Infrastructure Data,Communication Services,Telecommunication Services,United States
www.oma.aero,34428,3 TB,18/10/2024 19:23,"Personal Identifiable Information (PII), Financial & Payment Data, Authentication & Credential Data, Corporate & Business Data",Industrials,Airlines,Mexico
passivecomponent.com,35323,150GB,14/10/2024 8:17,"Corporate & Business Data, Intellectual Property (IP) & Research Data, System & Infrastructure Data",Information Technology,Electronic Components,United States
elnamagnetics.com,33640,107 gb,23/10/2024 7:16,"Financial & Payment Data, Corporate & Business Data, Personal Identifiable Information (PII)",Industrials,Electrical Components & Equipment,United States
semna.fr,34817,196 GB,22/10/2024 10:22,"Financial & Payment Data, Corporate & Business Data",Real Estate,Real Estate Management & Development,France
specpro-inc.com,32161,55 GB,22/10/2024 10:12,"Corporate & Business Data, Financial & Payment Data, Personal Identifiable Information (PII)",Industrials,Commercial Services & Supplies,United States
dennissupply.com,35325,30 GB,22/10/2024 10:04,"Financial & Payment Data, Corporate & Business Data, Intellectual Property (IP) & Research Data",Industrials,Trading Companies & Distributors,United States
polypane.be,32212,74 GB,22/10/2024 9:52,"Financial & Payment Data, Corporate & Business Data",Industrials,Building Products,Belgium
davisbrothersinc.com,33319,110 GB,22/10/2024 9:45,"Financial & Payment Data, Medical & Health Records (PHI)",Industrials,Machinery,United States
bwdtechnology.com,36927,103 GB,22/10/2024 9:23,"Corporate & Business Data, Intellectual Property (IP) & Research Data",Industrials,Machinery,United Arab Emirates
lpahorticole.faylbillot.educagri.fr,32187,220 GB,22/10/2024 9:04,"Personal Identifiable Information (PII), Educational Records",Consumer Discretionary,Education Services,France
tkg.com,33589,81 GB,22/10/2024 8:41,"Corporate & Business Data, Financial & Payment Data",Information Technology,IT Services,Japan
1doc.sg,32921,175 GB,22/10/2024 7:17,"Personal Identifiable Information (PII), Medical & Health Records (PHI), Corporate & Business Data",Health Care,Health Care Technology,Singapore
donbosco-landser.net,35615,22GB,21/10/2024 17:03,None,Consumer Discretionary,Consumer Services,France
mauguio-carnon.com,34263,75GB,21/10/2024 16:53,"Corporate & Business Data, Government & Military Data",Public Sector,Government Services,France
www.stivo.com,35870,109GB,21/10/2024 15:05,System & Infrastructure Data,Industrials,Passenger Airlines,France
yorozu-corp.co.jp,35883,849 GB,21/10/2024 8:01,"Corporate & Business Data, Intellectual Property (IP) & Research Data",Consumer Discretionary,Auto Components,Japan
qs-group.com,34965,45GB,20/10/2024 19:30,"Corporate & Business Data, Intellectual Property (IP) & Research Data, System & Infrastructure Data",Industrials,Machinery,Switzerland
sizeloveconstruction.com,34074,97GB,19/10/2024 20:20,Corporate & Business Data,Industrials,Construction Materials,United States
mh-mech.com,35177,163GB,19/10/2024 20:16,Corporate & Business Data,Industrials,Construction & Engineering,Japan
starhealth.in,34829,200 GB,19/10/2024 7:09,"Personal Identifiable Information (PII), Financial & Payment Data, Medical & Health Records (PHI), Corporate & Business Data",Financials,Insurance,India
paciente.sempremedico.com.br,35255,*GB,19/10/2024 6:57,"Personal Identifiable Information (PII), Medical & Health Records (PHI)",Health Care,Health Care Technology,Brazil
clinicia.com,33561,500 GB,19/10/2024 6:54,"Personal Identifiable Information (PII), Medical & Health Records (PHI), Financial & Payment Data, Corporate & Business Data",Health Care,Health Care Technology,India
Alqaryahauction.com,36076,100 GB,18/10/2024 11:03,"Personal Identifiable Information (PII), Financial & Payment Data, Corporate & Business Data",Consumer Discretionary,Internet & Direct Marketing Retail,United Arab Emirates
www.qal.com,34228,59GB,18/10/2024 7:36,"Corporate & Business Data, Intellectual Property (IP) & Research Data, Financial & Payment Data",Materials,Paper & Packaging,United States
www.proflex.ro,36887,70GB,17/10/2024 14:51,"Corporate & Business Data, System & Infrastructure Data",Industrials,Commercial Services & Supplies,Romania 
www.camelotservices.com,35295,89 GB,17/10/2024 13:01,Corporate & Business Data,Real Estate,Real Estate Management & Development,United Kingdom
www.aristoiclassical.org,34831,66 GB,17/10/2024 12:55,Corporate & Business Data,Consumer Discretionary,Consumer Services,Cyprus
www.kersey.net,35615,108 GB,17/10/2024 12:53,System & Infrastructure Data,Information Technology,Software,United States
www.chiltonisd.org,38433,58 GB,17/10/2024 12:49,Educational Records,Consumer Discretionary,Education Services,United States
Bigpharmacy.com.my,35892,50 GB,17/10/2024 11:05,Corporate & Business Data,Health Care,Health Care Providers & Services,Malaysia
HiCare.net,34739,*GB,17/10/2024 7:45,"Medical & Health Records (PHI), Corporate & Business Data",Health Care,Health Care Technology,India
Horsesportireland.ie,35450,*GB,16/10/2024 12:19,Corporate & Business Data,Consumer Discretionary,Media,Ireland
transport-system.com,37479,75 GB,16/10/2024 12:04,"Corporate & Business Data, System & Infrastructure Data",Information Technology,Software,Switzerland
Astolabs.com,38216,*GB,16/10/2024 12:00,"Medical & Health Records (PHI), Personal Identifiable Information (PII)",Health Care,Health Care Providers & Services,United Arab Emirates
Fpapak.org,34266,*GB,16/10/2024 6:50,Medical & Health Records (PHI),Health Care,Health Care Providers & Services,United States
G-plans.com,33982,5G,16/10/2024 6:45,"Medical & Health Records (PHI), Personal Identifiable Information (PII)",Health Care,Health Care Providers & Services,United States
basarsoft.com.tr,36202,170GB,15/10/2024 11:30,Corporate & Business Data,Information Technology,Software,Turkey
medicato.com,35764,*GB,14/10/2024 4:18,Medical & Health Records (PHI),Health Care,Health Care Providers & Services,Mexico
confidencegroup.com.bd,38027,350GB,12/10/2024 20:33,"Corporate & Business Data, System & Infrastructure Data",Industrials,Construction Materials,Bangladesh
saizeriya.co.jp,39116,23GB,12/10/2024 20:32,Corporate & Business Data,Consumer Discretionary,Restaurants,Japan
NextStage.AI,37418,3.5 TB,11/10/2024 2:32,"Corporate & Business Data, System & Infrastructure Data",Information Technology,Software,United States
practicesuite.us,37027,26GB,11/10/2024 2:33,Medical & Health Records (PHI),Health Care,Health Care Providers & Services,United States
medexhco.com,39579,*GB,10/10/2024 5:56,"Personal Identifiable Information (PII), Financial & Payment Data, Medical & Health Records (PHI), Corporate & Business Data, Authentication & Credential Data, Intellectual Property (IP) & Research Data",Health Care,Health Care Services,United Arab Emirates
okcabstract.com,39042,480GB,8/10/2024 14:41,Corporate & Business Data,Financials,Insurance,United States
nspproteins.com,42812,200GB,7/10/2024 19:13,Corporate & Business Data,Health Care,Biotechnology,United States
trulysmall.com,39307,*GB,7/10/2024 12:53,"Personal Identifiable Information (PII), Financial & Payment Data, Corporate & Business Data",Information Technology,Software,Canada
autodoc.pro,40787,?,7/10/2024 12:42,Corporate & Business Data,Consumer Discretionary,Auto Components,Germany
canstarrestorations.com,39557,12GB,5/10/2024 19:21,Corporate & Business Data,Industrials,Commercial Services & Supplies,Canada
omniboxx.nl,41083,500 GB,4/10/2024 12:46,"Corporate & Business Data, System & Infrastructure Data",Information Technology,Software,Netherlands
kleberandassociates.com,39966,145GB,4/10/2024 12:41,Corporate & Business Data,Industrials,Commercial Services & Supplies,United States
releese.io,40989,?,4/10/2024 11:48,Corporate & Business Data,Information Technology,Software,Canada
winwinza.com,40204,*GB,4/10/2024 11:44,Corporate & Business Data,Communication Services,Media & Entertainment,Myanmar
rollxvans.com,43707,60GB,2/10/2024 20:07,"Personal Identifiable Information (PII), Financial & Payment Data",Consumer Discretionary,Specialty Retail,United States
ironmetals.com,40958,30GB,2/10/2024 20:06,Corporate & Business Data,Industrials,Commercial Services & Supplies,Germany
domainindustries.com,42272,35GB,2/10/2024 20:05,Corporate & Business Data,Consumer Discretionary,Home Improvement Retail,United States
bypeterandpauls.com,40983,120GB,2/10/2024 20:03,Corporate & Business Data,Consumer Discretionary,"Hotels, Restaurants & Leisure",Canada
mccartycompany.com,41338,69GB,2/10/2024 20:02,Corporate & Business Data,Industrials,Commercial Services & Supplies,United States
markdom.com,45987,160GB,29/9/2024 9:28,Corporate & Business Data,Industrials,Auto Components,Canada
rockymountaingastro.com,43497,200gb,28/9/2024 16:23,Medical & Health Records (PHI),Health Care,Health Care Providers & Services,United States
www.contegritygroup.com,43746,150GB,28/9/2024 10:32,Corporate & Business Data,Industrials,Construction & Engineering,United States
www.naniwa-pump.co.jp,44268,31 GB,26/9/2024 17:07,Corporate & Business Data,Industrials,Machinery,Japan
www.vbrlogistica.com.br,43750,160 GB,26/9/2024 17:04,"Corporate & Business Data, System & Infrastructure Data",Industrials,Air Freight & Logistics,Brazil
www.careco.se,46102,110 GB,26/9/2024 17:00,Corporate & Business Data,Industrials,Commercial Services & Supplies,Sweden
www.tokiwa-group.co.jp,45940,87 GB,26/9/2024 16:58,Corporate & Business Data,Industrials,Commercial Services & Supplies,Japan
www.law-taxes.pl,47117,290 GB,26/9/2024 16:53,"Personal Identifiable Information (PII), Financial & Payment Data, Medical & Health Records (PHI), Corporate & Business Data",Financials,Diversified Financial Services,Poland
appweb.usinacoruripe.com.br,43294,50GB,24/9/2024 18:34,Corporate & Business Data,Consumer Staples,Food Products,Brazil
gsdwi.org,39253,148GB,24/9/2024 14:10,"Personal Identifiable Information (PII), Financial & Payment Data",Consumer Discretionary,Consumer Services,Germany
tellurianinc.org,48971,*GB,14/9/2024 22:47,"Corporate & Business Data, Intellectual Property (IP) & Research Data, Financial & Payment Data",Energy,"Oil, Gas & Consumable Fuels",United States
bakpilic.com.tr,44518,600GB,23/9/2024 0:50,Corporate & Business Data,Materials,Construction Materials,Turkey
Acho.io,44272,*GB,21/9/2024 13:15,"Authentication & Credential Data, Corporate & Business Data, System & Infrastructure Data",Information Technology,Software,Germany
savannahcandy.com,46252,22GB,21/9/2024 12:45,Corporate & Business Data,Consumer Discretionary,Restaurants,United States
virainsight.com,42091,2.72TB,18/9/2024 13:25,Corporate & Business Data,Industrials,Commercial Services & Supplies,United States
aroma.com.tr,45434,500GB,20/9/2024 4:02,Corporate & Business Data,Consumer Staples,Beverages,Turkey
rarholding.com,46587,62GB,19/9/2024 19:28,Corporate & Business Data,Materials,Chemicals,Austria
advbe.com,46370,122GB,19/9/2024 17:16,Corporate & Business Data,Industrials,Commercial Services & Supplies,France
libertyfirstcu.com,42263,254GB,19/9/2024 14:09,"Personal Identifiable Information (PII), Financial & Payment Data",Financials,Banks,United States
avl1.com,47195,268 gb,19/9/2024 13:24,"Personal Identifiable Information (PII), Corporate & Business Data",Information Technology,IT Services,United States
ringpower.com,40511,371 gb,18/9/2024 7:18,Corporate & Business Data,Industrials,Machinery,United States
www.galloway-macleod.co.uk,39566,120GB,18/9/2024 6:37,"Corporate & Business Data, System & Infrastructure Data",Consumer Staples,Packaged Foods & Meats,United Kingdom
www.quenotedeporten.com,48972,50 GB,28/8/2024 12:04,"Personal Identifiable Information (PII), Financial & Payment Data, Corporate & Business Data",Financials,Diversified Financial Services,Argentina
www.nikpol.com.au,46726,6GB,17/9/2024 20:13,Corporate & Business Data,Industrials,Building Products,Australia
www.plumbersstock.com,46370,4GB,17/9/2024 20:12,Corporate & Business Data,Consumer Discretionary,Internet & Direct Marketing Retail,United States
www.taperuvicha.com,47731,12 GB,16/9/2024 15:42,Corporate & Business Data,Industrials,Machinery,Argentina
capecodacademy.org,47044,616GB,13/9/2024 19:59,Personal Identifiable Information (PII),Consumer Discretionary,Consumer Services,United States
www.8010urbanliving.com,50831,85 GB,16/9/2024 19:15,Corporate & Business Data,Real Estate,Real Estate Management & Development,United States
topdoctors.com,46670,40 GB,16/9/2024 18:12,"Personal Identifiable Information (PII), Medical & Health Records (PHI), Financial & Payment Data",Health Care,Health Care Technology,Spain
www.adantia.es,51312,27 GB,16/9/2024 18:02,Corporate & Business Data,Industrials,Commercial Services & Supplies,Spain
www.faithfc.org,48557,78 GB,16/9/2024 17:38,Personal Identifiable Information (PII),Consumer Discretionary,Media,United States
www.tta.cls,49802,144 GB,16/9/2024 14:03,"Government & Military Data, Corporate & Business Data",Financials,Diversified Financial Services,France
kryptonresources.com,47376,68 GB,16/9/2024 11:51,"Personal Identifiable Information (PII), Corporate & Business Data",Industrials,Trading Companies & Distributors,Canada
oipip.gda.pl,44129,53 GB,16/9/2024 11:22,Personal Identifiable Information (PII),Health Care,Health Care Providers & Services,Poland
lafuturasrl.it,44389,50GB+,10/9/2024 13:13,"Personal Identifiable Information (PII), Financial & Payment Data, Corporate & Business Data",Industrials,Commercial Services & Supplies,Italy
advantagecdc.org,45359,50 GB +,10/9/2024 13:04,"Financial & Payment Data, Corporate & Business Data",Financials,Thrifts & Mortgage Finance,United States
accuraterailroad.com,44778,45GB,10/9/2024 12:28,"Financial & Payment Data, Corporate & Business Data, Personal Identifiable Information (PII)",Industrials,Construction & Engineering,United States
www.atlcc.net,44108,124 GB,7/9/2024 10:57,"Financial & Payment Data, Corporate & Business Data, Personal Identifiable Information (PII)",Financials,Diversified Financial Services,United States
www.southeasternretina.com,44686,500gb,12/9/2024 20:34,Medical & Health Records (PHI),Health Care,Health Care Providers & Services,United States
mechdyne.com,45983,700 gb,12/9/2024 8:12,Corporate & Business Data,Information Technology,IT Services,United States
thornton-inc.com,47831,100GB,12/9/2024 8:10,Corporate & Business Data,Industrials,Construction & Engineering,United States
allamericanpoly.com,47488,500gb,10/9/2024 17:10,"Personal Identifiable Information (PII), Corporate & Business Data, Financial & Payment Data, Government & Military Data, Intellectual Property (IP) & Research Data",Materials,Chemicals,United States
www.vinatiorganics.com,47741,233 GB,10/9/2024 8:45,Corporate & Business Data,Materials,Chemicals,India
americagraphics.com,49341,15GB,6/9/2024 20:26,Authentication & Credential Data,Information Technology,IT Services,United States
www.avf-biomedical.com,48312,31 GB,9/9/2024 15:04,Corporate & Business Data,Real Estate,Equity Real Estate Investment Trusts (REITs),USA
www.bsg.com.au,44415,79 GB,9/9/2024 15:02,Corporate & Business Data,Consumer Discretionary,"Hotels, Restaurants & Leisure",Australia
www.unige.it,49294,18 GB,9/9/2024 14:32,"Personal Identifiable Information (PII), Corporate & Business Data",Consumer Discretionary,Consumer Services,Italy
cardiovirginia.com,45870,1TB,7/9/2024 15:47,Medical & Health Records (PHI),Health Care,Health Care Providers & Services,United States
briedis.lt,49816,10GB,5/9/2024 18:49,Authentication & Credential Data,Communication Services,Publishing,Lithuania
tri-tech.us,48881,57GB,5/9/2024 19:53,Corporate & Business Data,Industrials,Commercial Services & Supplies,United States
cbt-gmbh.de,45224,263GB,5/9/2024 19:38,Corporate & Business Data,Health Care,Health Care Providers & Services,Germany
inorde.com,49579,102GB,5/9/2024 19:54,"Corporate & Business Data, Government & Military Data",Public Sector,Government Services,United States
cps-k12.org,50867,177GB,5/9/2024 19:50,Personal Identifiable Information (PII),Consumer Discretionary,Consumer Services,United States
Inglenorth.co.uk,46973,62GB,5/9/2024 19:48,Corporate & Business Data,Industrials,Construction & Engineering,United Kingdom
phdservices.net,46372,169GB,5/9/2024 19:43,Corporate & Business Data,Industrials,Commercial Services & Supplies,United States
kawasaki.eu,49095,487GB,5/9/2024 19:41,Corporate & Business Data,Consumer Discretionary,Automobiles & Components,Netherlands
www.towellengineering.net,49454,490 GB,5/9/2024 14:02,Corporate & Business Data,Industrials,Construction & Engineering,Oman
www.parknfly.ca,46682,*,5/9/2024 3:24,Corporate & Business Data,Industrials,Transportation Infrastructure,Canada
www.galgorm.com,49301,200gb,4/9/2024 11:35,Personal Identifiable Information (PII),Consumer Discretionary,"Hotels, Restaurants & Leisure",United Kingdom
www.bennettcurrie.co.nz,49297,375 GB,4/9/2024 10:25,Corporate & Business Data,Financials,Diversified Financial Services,New Zealand
plannedparenthood.org,42483,93gb,4/9/2024 7:45,"Medical & Health Records (PHI), Personal Identifiable Information (PII)",Health Care,Health Care Providers & Services,United States
gardenhomesmanagement.com,46998,50GB,3/9/2024 18:55,Corporate & Business Data,Real Estate,Equity Real Estate Investment Trusts (REITs),United States
wilmingtoncc.org,48336,50GB,29/8/2024 13:26,Medical & Health Records (PHI),Health Care,Health Care Providers & Services,United States
www.pokerspa.it,49761,7GB,2/9/2024 20:36,System & Infrastructure Data,Information Technology,Software & Services,Italy
www.sanyo-bussan.co.jp,49867,12GB,2/9/2024 20:28,Corporate & Business Data,Consumer Discretionary,Household Durables,Japan
www.amberbev.com,50588,1.7 TB,2/9/2024 18:00,Corporate & Business Data,Consumer Staples,Beverages,Latvia
Removal.AI,49001,12 GB,2/9/2024 16:12,"Personal Identifiable Information (PII), Financial & Payment Data, Authentication & Credential Data, System & Infrastructure Data",Information Technology,Software,Philippines
www.sanyo-av.com<Taiwan>,52483,500GB,2/9/2024 9:30,"Corporate & Business Data, Intellectual Property (IP) & Research Data, System & Infrastructure Data",Information Technology,"Technology Hardware, Storage & Peripherals",Taiwan
www.electriforce.com,51233,120Gb,27/8/2024 11:03,"Financial & Payment Data, Corporate & Business Data, Human Resources Data",Industrials,Electrical Equipment,United States
www.schneider.ch,50354,300gb,2/9/2024 9:39,"Personal Identifiable Information (PII), Financial & Payment Data, Corporate & Business Data",Industrials,Commercial Services & Supplies,Switzerland
ciot.com,48531,1TB,29/8/2024 9:23,Corporate & Business Data,Consumer Discretionary,Home Improvement Retail,United States
www.nissan-dubai.com,49016,50 GB,31/8/2024 13:23,"Personal Identifiable Information (PII), Corporate & Business Data",Consumer Discretionary,Automobiles,United Arab Emirates
grant-associates.uk.com,48355,400GB,30/8/2024 19:56,"Corporate & Business Data, Intellectual Property (IP) & Research Data",Industrials,Commercial Services & Supplies,United Kingdom
www.lfewines.com,47795,178 GB,30/8/2024 15:19,Corporate & Business Data,Consumer Staples,Beverages,United States
www.gruyeria.ch,49803,80 GB,30/8/2024 15:16,"Intellectual Property (IP) & Research Data, Corporate & Business Data",Industrials,Commercial Services & Supplies,Switzerland
www.fenceauthority.com,47948,98 GB,30/8/2024 15:12,Corporate & Business Data,Industrials,Construction Materials,United States
www.johnkellys.com,48727,450 GB,30/8/2024 15:10,Corporate & Business Data,Materials,Chemicals,United States
www.iph-bet.fr,49441,678 GB,30/8/2024 15:07,Corporate & Business Data,Industrials,Construction & Engineering,France
www.suvacity.org,51793,33 GB,30/8/2024 14:59,"System & Infrastructure Data, Corporate & Business Data, Government & Military Data",Public Sector,Government Services,Fiji
www.primariatm.ro,48941,121 GB,30/8/2024 14:48,"Corporate & Business Data, Government & Military Data",Public Sector,Government Services,Romania 
www.mineduc.gob.gt,51382,529 GB,30/8/2024 14:45,"Government & Military Data, Personal Identifiable Information (PII)",Public Sector,Government Services,Guatemala
www.swinburne.edu,50156,366 GB,30/8/2024 14:41,Corporate & Business Data,Communication Services,Education Services,Australia
www.iiitd.ac.in,52598,140 GB,30/8/2024 14:36,"Intellectual Property (IP) & Research Data, Corporate & Business Data",Communication Services,Education Services,India
www.ramoncorripio.com,50599,124 GB,30/8/2024 14:31,Corporate & Business Data,Consumer Discretionary,Distributors,Dominican Republic
www.timortelecom.tl,48509,18 GB,30/8/2024 14:25,"System & Infrastructure Data, Corporate & Business Data",Communication Services,Telecommunication Services,Timor-Leste
www.citebd.org,52333,+1.7TB,30/8/2024 14:00,"Financial & Payment Data, Corporate & Business Data",Information Technology,Software,France
glasstile.com,52750,1.3TB,17/8/2024 3:28,"Financial & Payment Data, Corporate & Business Data",Materials,Construction Materials,United States
rainierarms.com,50262,5GB,26/8/2024 14:32,Corporate & Business Data,Consumer Discretionary,Specialty Retail,United States
www.chwa.com.tw,50168,425GB,27/8/2024 20:34,"Corporate & Business Data, Authentication & Credential Data",Communication Services,Media,Taiwan
www.polycohealthline.com,50720,1TB,27/8/2024 14:52,Corporate & Business Data,Health Care,Health Care Equipment & Supplies,United Kingdom
www.spie-tec.de,54645,10GB,26/8/2024 12:56,"Corporate & Business Data, Intellectual Property (IP) & Research Data, Financial & Payment Data",Consumer Discretionary,Automobiles,Germany
htsusa.com,51553,40 gb,26/8/2024 11:15,System & Infrastructure Data,Information Technology,IT Services,United States
www.smarterp.com<Auction>,51367,*GB,26/8/2024 9:57,"Personal Identifiable Information (PII), Authentication & Credential Data, Corporate & Business Data",Information Technology,IT Services,United States
www.alabamaplate.com,54315,45Gb,9/7/2024 12:46,"Corporate & Business Data, Financial & Payment Data, Personal Identifiable Information (PII), System & Infrastructure Data",Industrials,Machinery,United States
prasarana.com.my,51775,316GB,25/8/2024 14:58,System & Infrastructure Data,Industrials,Transportation Infrastructure,Malaysia
saudi arabia(general secretariat of the military service council),54067,140GB,22/8/2024 8:11,Corporate & Business Data,Information Technology,Internet Software & Services,South Africa
www.banhampoultry.co.uk,52045,50Gb,21/8/2024 12:03,"Corporate & Business Data, Legal & Regulatory Data",Consumer Staples,Food Products,United Kingdom
capitalfund1.com,53570,*GB,20/8/2024 18:29,"Personal Identifiable Information (PII), Financial & Payment Data, Authentication & Credential Data, Corporate & Business Data",Financials,Mortgage Real Estate Investment Trusts (REITs),United States
blowerdempsay.com,54967,679GB,20/8/2024 20:37,Corporate & Business Data,Materials,Containers & Packaging,United States
inlighten.net<Disclose>,48136,1.8TB,20/8/2024 20:33,Corporate & Business Data,Information Technology,Software,United States
ccsdschools.com<disclose>,54020,966gb,18/8/2024 17:01,Personal Identifiable Information (PII),Consumer Discretionary,Consumer Services,United States
OSG.COM,29892,more 1TB,15/8/2024 12:00,"Corporate & Business Data, Government & Military Data, Financial & Payment Data, System & Infrastructure Data",Industrials,Marine,United States
imobesidade.com.br,53094,6GB,14/8/2024 3:03,Medical & Health Records (PHI),Health Care,Health Care Providers & Services,Brazil
www.manotherm.ie,56137,30Gb,17/8/2024 17:49,Corporate & Business Data,Industrials,Trading Companies & Distributors,Ireland
www.netconfig.co.za,54701,20Gb,17/8/2024 17:48,Corporate & Business Data,Information Technology,IT Services,South Africa
www.regentcaravans.com.au,56261,30Gb,17/8/2024 17:39,Corporate & Business Data,Consumer Discretionary,Automobiles & Components,Australia
www.gmchc.org,56218,20Gb,17/8/2024 17:38,Communication & Social Data,Communication Services,Media,United States
www.martinswood.herts.sch.uk,52872,20Gb,17/8/2024 17:35,Personal Identifiable Information (PII),Consumer Discretionary,Consumer Services,United Kingdom
www.allanmcneill.co.nz,55305,30Gb,17/8/2024 17:31,Corporate & Business Data,Financials,Diversified Financial Services,New Zealand
www.lennartsfors.com,52528,10Gb,17/8/2024 17:29,"Corporate & Business Data, System & Infrastructure Data",Industrials,Machinery,Sweden
www.albynhousing.org.uk,55524,10Gb,17/8/2024 17:25,Corporate & Business Data,Real Estate,Real Estate Management & Development,United Kingdom
www.vinakom.com,55853,151GB,16/8/2024 20:38,Corporate & Business Data,Communication Services,Telecommunication Services,United States
nrcollecties.nl,54880,8GB,15/8/2024 15:34,"Corporate & Business Data, Authentication & Credential Data, Communication & Social Data, System & Infrastructure Data",Consumer Discretionary,Specialty Retail,Netherlands
www.patelco.org<Disclose>,57234,*GB,16/8/2024 14:53,"Personal Identifiable Information (PII), Financial & Payment Data, Authentication & Credential Data",Financials,Banks,United States
www.aaconsultinc.com,55024,60GB,15/8/2024 16:39,Corporate & Business Data,Industrials,Commercial & Professional Services,United States
ljglaw.com,54719,2.5TB,14/8/2024 18:13,Corporate & Business Data,Financials,Insurance,United States
www.atwoodcherny.com,57164,100Gb,15/8/2024 11:48,"Personal Identifiable Information (PII), Financial & Payment Data, Corporate & Business Data",Financials,Diversified Financial Services,United States
www.isnart.it,54602,10Gb,15/8/2024 11:39,Corporate & Business Data,Industrials,Commercial & Professional Services,Italy
bedford.k12.oh.us,55806,32gb,12/8/2024 16:24,Corporate & Business Data,Consumer Discretionary,Consumer Services,United States
welevelup.com,57132,100gb,13/8/2024 16:35,"Personal Identifiable Information (PII), Corporate & Business Data, Medical & Health Records (PHI)",Health Care,Health Care Providers & Services,United States
naturalcuriosities.com,57631,3GB,11/8/2024 17:24,"Corporate & Business Data, Intellectual Property (IP) & Research Data, System & Infrastructure Data, Communication & Social Data",Consumer Discretionary,Media,United States
Jeffersoncountyclerk.org,55507,47GB,11/8/2024 12:30,"Government & Military Data, Personal Identifiable Information (PII)",Public Sector,Government Services,United States
alliuminteriors.co.nz,58863,31GB,9/8/2024 15:16,"Corporate & Business Data, Authentication & Credential Data",Consumer Discretionary,Specialty Retail,New Zealand
lmgroup.com<Disclose>,59500,2+TB,14/7/2024 5:42,"Corporate & Business Data, Financial & Payment Data",Industrials,Commercial Printing,Spain
kempe.com.au,55625,4TB,9/8/2024 14:07,"Corporate & Business Data, Personal Identifiable Information (PII)",Industrials,Commercial Services & Supplies,Australia
dhcgrp.com,60108,228GB,9/8/2024 10:04,Medical & Health Records (PHI),Health Care,Health Care Providers & Services,United States
mrhme.org,56439,10Gb,25/7/2024 17:13,Medical & Health Records (PHI),Health Care,Health Care Providers & Services,United States
golfoy.com,58052,3GB,8/8/2024 22:46,"Corporate & Business Data, Authentication & Credential Data, System & Infrastructure Data",Consumer Discretionary,Specialty Retail,India
pierrediamonds.com.au,62239,3GB,6/8/2024 20:51,"Corporate & Business Data, Intellectual Property (IP) & Research Data, Authentication & Credential Data, Communication & Social Data",Consumer Discretionary,Specialty Retail,Australia
inv-dar.com,62526,15GB,8/8/2024 19:44,"Corporate & Business Data, System & Infrastructure Data",Financials,Diversified Financial Services,South Africa
rationalenterprise.com<disclose>,57891,2TB,8/8/2024 18:52,"Corporate & Business Data, System & Infrastructure Data",Information Technology,Software,United States
modernceramics.com,58389,300GB,2/8/2024 10:55,"Financial & Payment Data, Corporate & Business Data, Personal Identifiable Information (PII)",Industrials,Machinery,United States
hudsoncivil.com.au,60394,112GB,7/8/2024 20:48,Corporate & Business Data,Industrials,Construction Materials,Australia
amplicon.com,62398,313gb,7/8/2024 16:04,"System & Infrastructure Data, Corporate & Business Data",Information Technology,"Electronic Equipment, Instruments & Components",United Kingdom
infotexim.pe<Auction>,60133,1.73TB,6/8/2024 13:48,"Personal Identifiable Information (PII), Authentication & Credential Data, Medical & Health Records (PHI), Corporate & Business Data, System & Infrastructure Data, Communication & Social Data",Information Technology,IT Services,Peru
www.sobha.com,59678,10Gb,6/8/2024 16:53,Corporate & Business Data,Real Estate,Real Estate Management & Development,India
retaildatallc.com,65524,1Tb,2/8/2024 16:25,Corporate & Business Data,Information Technology,IT Services,United States
www.bahia-principe.com,63610,1230GB,31/7/2024 10:24,"Corporate & Business Data, Financial & Payment Data, Personal Identifiable Information (PII)",Consumer Discretionary,"Hotels, Restaurants & Leisure",Spain
www.normandydiesel.fr,65189,280GB,12/7/2024 16:42,Corporate & Business Data,Consumer Discretionary,Automobiles,France
effinghamschools.com,65754,273GB,1/8/2024 16:03,"Personal Identifiable Information (PII), Corporate & Business Data",Consumer Discretionary,Consumer Services,United States
mcdowallaffleck.com.au,61688,470GB,1/8/2024 10:31,"Corporate & Business Data, Personal Identifiable Information (PII), Financial & Payment Data, Intellectual Property (IP) & Research Data",Industrials,Construction & Engineering,Australia
nydj.com,63904,411gb,31/7/2024 16:56,Corporate & Business Data,Consumer Discretionary,"Apparel, Accessories & Luxury Goods",United States
wgma.org,60931,109gb,31/7/2024 16:43,Corporate & Business Data,Industrials,Marine Transportation,United States
verwarmingheyndrickx.be,65837,58G,30/7/2024 18:56,Corporate & Business Data,Industrials,Construction & Engineering,Belgium
labor-koblenz.de,64824,304gb,29/7/2024 15:23,Medical & Health Records (PHI),Health Care,Health Care Providers & Services,Germany
www.castelligroup.com,65955,300 GB,26/7/2024 20:44,"Personal Identifiable Information (PII), Corporate & Business Data",Consumer Staples,Food Products,Italy
www.whittakersystem.com,67597,20Gb,26/7/2024 20:39,"Corporate & Business Data, Intellectual Property (IP) & Research Data",Industrials,Commercial Services & Supplies,United States
www.neurologicalinstitute.com,68408,Too much,22/7/2024 12:48,Medical & Health Records (PHI),Health Care,Health Care Providers & Services,United States
oficina.oficinadasfinancas.com.br,68734,4GB,24/7/2024 18:41,"Personal Identifiable Information (PII), Financial & Payment Data, Authentication & Credential Data, Corporate & Business Data, Intellectual Property (IP) & Research Data, Communication & Social Data, System & Infrastructure Data",Financials,Diversified Financial Services,Brazil
bpjaguar.com,68341,2GB,23/7/2024 23:33,"Personal Identifiable Information (PII), Corporate & Business Data",Information Technology,Software,Mexico
ach.co.th,64646,5GB,23/7/2024 16:33,"Corporate & Business Data, System & Infrastructure Data, Authentication & Credential Data",Consumer Discretionary,Auto Components,Thailand
baytoti.com,65817,10Gb,25/7/2024 17:12,"Financial & Payment Data, Corporate & Business Data",Consumer Discretionary,Restaurants,South Africa
cminsulation.com,64830,10Gb,25/7/2024 17:10,Corporate & Business Data,Industrials,Construction & Engineering,United States
panitchlaw.com,66466,unknown,25/7/2024 17:09,"Corporate & Business Data, Intellectual Property (IP) & Research Data",Industrials,Commercial & Professional Services,United States
sigmacontrol.eu,65941,107gb,23/7/2024 16:17,"Corporate & Business Data, System & Infrastructure Data",Information Technology,Software,Netherlands
www.byzan.com,72002,120gb,20/7/2024 12:57,"Corporate & Business Data, System & Infrastructure Data",Information Technology,IT Services,USA
www.garudafood.com,70705,10G,20/7/2024 18:47,"Corporate & Business Data, Intellectual Property (IP) & Research Data",Consumer Staples,Food Products,Indonesia
www.kumagaigumi.co.jp,68517,5TB,19/7/2024 23:04,"Personal Identifiable Information (PII), Corporate & Business Data",Industrials,Construction & Engineering,Japan
www.glowfm.nl,67901,20GB,16/7/2024 13:43,"Corporate & Business Data, Authentication & Credential Data, Communication & Social Data, System & Infrastructure Data",Communication Services,Media,Netherlands
metalfrio.com.br,73645,42GB,16/7/2024 18:06,"Financial & Payment Data, Corporate & Business Data, Intellectual Property (IP) & Research Data, System & Infrastructure Data",Industrials,Machinery,Brazil
www.erma-rtmo.it,73032,350 GB,14/7/2024 20:09,"Personal Identifiable Information (PII), Corporate & Business Data",Industrials,Commercial Services & Supplies,Italy
pgd.pl,71624,960gb,18/7/2024 11:15,Corporate & Business Data,Consumer Discretionary,Automobile Dealers,Poland
hlbpr.com,70692,4 GB,16/7/2024 8:07,Corporate & Business Data,Financials,Commercial Services & Supplies,USA
ceopag.com.br / ceofood.com.br,67206,200GB,16/7/2024 1:54,"Financial & Payment Data, Corporate & Business Data, Communication & Social Data, System & Infrastructure Data",Information Technology,Software & Services,Brazil
www.hashem-contracting.com,21399,91 GB,13/12/2024 12:15,Corporate & Business Data,Real Estate,Real Estate Management & Development,South Africa
www.cameronhodges.com,71314,100Gb,16/7/2024 12:32,"Authentication & Credential Data, Financial & Payment Data, Corporate & Business Data, Personal Identifiable Information (PII)",Financials,Insurance,USA
www.benchinternational.com,73375,50Gb,16/7/2024 12:27,Corporate & Business Data,Health Care,Health Care Equipment & Services,USA
www.zepter.de,71337,500+GB,2/7/2024 19:04,"Personal Identifiable Information (PII), Corporate & Business Data",Consumer Discretionary,Household Durables,Germany
www.riteaid.com,73516,10 GB,11/7/2024 4:13,Personal Identifiable Information (PII),Consumer Staples,Drug Retail,USA
www.eurostrand.de,72631,10 Gb,11/7/2024 16:06,"Corporate & Business Data, Financial & Payment Data",Consumer Discretionary,"Hotels, Restaurants & Leisure",Germany
www.lynchaluminum.com,72168,100Gb,11/7/2024 16:00,Corporate & Business Data,Industrials,Building Products,USA
www.netavent.dk,72917,10Gb,11/7/2024 15:54,"Personal Identifiable Information (PII), Corporate & Business Data",Industrials,Building Products,Denmark
www.bfcsolutions.com,70910,1.3TB,11/7/2024 11:51,"Corporate & Business Data, System & Infrastructure Data",Industrials,Commercial Services & Supplies,USA
aedifica.com,77287,1 TB,19/6/2024 6:26,"Corporate & Business Data, Legal & Regulatory Data",Industrials,Commercial & Professional Services,Belgium
baiminstitute.org,78638,175 Gb,3/7/2024 17:09,Corporate & Business Data,Health Care,Health Care Providers & Services,USA
www.swcs-inc.com,82192,600 GB,3/7/2024 10:35,"Government & Military Data, Corporate & Business Data, Intellectual Property (IP) & Research Data, System & Infrastructure Data",Industrials,Construction & Engineering,USA
eni.com&mellitahog.ly,78966,1TB,29/3/2024 20:22,"Financial & Payment Data, Personal Identifiable Information (PII), Corporate & Business Data, Government & Military Data, Intellectual Property (IP) & Research Data, Communication & Social Data",Energy,"Oil, Gas & Consumable Fuels",Italy
www.daesangamerica.com,80705,100+Gb,2/7/2024 19:24,Corporate & Business Data,Information Technology,Software,South Korea
www.hauptmann.at,78708,Several hundred Gb,29/6/2024 18:36,Corporate & Business Data,Information Technology,Software,Austria
www.finecopneumatica.com,77954,Several hundred Gb,29/6/2024 18:29,"Corporate & Business Data, System & Infrastructure Data",Industrials,Commercial Services & Supplies,Italy
www.sfmedical.de,80451,100+Gb,1/7/2024 7:33,"Personal Identifiable Information (PII), Corporate & Business Data",Information Technology,Software,Germany
www.nttdata.ro,81682,230Gb,1/7/2024 21:28,"Corporate & Business Data, System & Infrastructure Data",Information Technology,IT Services,Romania 
Spandex.com,78996,520GB,28/6/2024 23:36,Corporate & Business Data,Industrials,Trading Companies & Distributors,United Kingdom
midamea.com<Auction>,83251,371GB,27/6/2024 15:31,"Corporate & Business Data, Intellectual Property (IP) & Research Data",Industrials,Commercial Services & Supplies,South Korea
equinocioplay.com.br,84228,8TB,24/6/2024 20:17,"Corporate & Business Data, Authentication & Credential Data, Personal Identifiable Information (PII)",Information Technology,Software,Brazil
www.sicoob.com.br<Updated>,82885,1TB,1/6/2024 2:13,"Personal Identifiable Information (PII), Financial & Payment Data, Authentication & Credential Data, Corporate & Business Data, System & Infrastructure Data",Financials,Regional Banks,Brazil
www.cipl.org.in,83224,200GB,27/6/2024 13:30,"Corporate & Business Data, System & Infrastructure Data",Information Technology,IT Services,India
daniellegroup.com,79331,200GB,26/6/2024 13:05,Corporate & Business Data,Consumer Discretionary,"Textiles, Apparel & Luxury Goods",USA
coca-cola.com - Myanmar office,78619,800GB,23/6/2024 16:18,Corporate & Business Data,Consumer Staples,Beverages,USA
www.cloudeurope.it,84022,500GB,27/6/2024 12:10,"Corporate & Business Data, System & Infrastructure Data",Information Technology,IT Services,Italy
www.mangimifusco.it,79363,490GB,26/6/2024 8:13,"Personal Identifiable Information (PII), Corporate & Business Data, Financial & Payment Data",Consumer Staples,Food Products,Italy
www.harrisranchbeef.com,79607,500gb,24/6/2024 20:59,Corporate & Business Data,Consumer Staples,Food Products,USA
bitzsoftwares.com.br,83377,84GB,17/6/2024 13:28,"Authentication & Credential Data, Financial & Payment Data, Personal Identifiable Information (PII), Corporate & Business Data",Information Technology,Software,Brazil
multi-wing.com,81465,900GB,13/6/2024 7:52,"Financial & Payment Data, Authentication & Credential Data, Corporate & Business Data",Industrials,Machinery,Denmark
www.invisio.com,83886,400 GB,19/6/2024 18:56,"Corporate & Business Data, Government & Military Data, Intellectual Property (IP) & Research Data",Industrials,Aerospace & Defense,Denmark
www.liderit.es,84453,300 GB,17/6/2024 13:15,"Corporate & Business Data, System & Infrastructure Data, Authentication & Credential Data",Information Technology,IT Services,Spain
parlorenzo.com,83978,37GB,16/6/2024 14:46,"Personal Identifiable Information (PII), Corporate & Business Data",Information Technology,Software,Italy
www.gbricambi.it [UPDATE],82338,400 GB,20/6/2024 17:28,Corporate & Business Data,Information Technology,Software,Italy
smicusa.com,83709,4gb,11/6/2024 13:15,Personal Identifiable Information (PII),Industrials,Commercial Services & Supplies,United States
www.novabitsrl.it,87104,13gb,11/6/2024 13:10,Corporate & Business Data,Materials,Construction Materials,Italy
www.ugrocapital.com,89413,1TB,5/6/2024 12:35,"Financial & Payment Data, Corporate & Business Data",Financials,Diversified Financials,India
www.crezit.com,84570,2.5 Gb,13/5/2024 8:05,"Personal Identifiable Information (PII), Financial & Payment Data, Communication & Social Data, Corporate & Business Data",Financials,Diversified Financials,Spain
www.clevo.com.tw<Disclose>,91267,200GB,29/5/2024 21:25,"Corporate & Business Data, Intellectual Property (IP) & Research Data",Information Technology,"Technology Hardware, Storage & Peripherals",Taiwan
Frontier.com,89088,5GB,1/6/2024 17:32,"Personal Identifiable Information (PII), Financial & Payment Data",Communication Services,Telecommunication Services,USA
www.bjurholm.se,89382,100Gb,28/5/2024 20:22,"Personal Identifiable Information (PII), Corporate & Business Data, System & Infrastructure Data",Public Sector,Government Services,Sweden
www.psgbdvor.rs,90390,80GB,28/5/2024 10:46,"Corporate & Business Data, System & Infrastructure Data",Energy,Oil & Gas Storage & Transportation,Serbia
www.christies.com<SOLD>,92392,2GB,26/5/2024 4:30,Personal Identifiable Information (PII),Consumer Discretionary,Consumer Discretionary Distribution & Retail,United Kingdom
www.acslabtest.com,94299,700 GB,20/5/2024 17:39,"Personal Identifiable Information (PII), Medical & Health Records (PHI), Financial & Payment Data",Health Care,Health Care Providers & Services,USA
www.throttleup.io,92037,65GB,20/5/2024 14:32,"Corporate & Business Data, System & Infrastructure Data",Information Technology,IT Services,United States
www.brittanyhorne.com,90006,2GB,20/5/2024 14:29,Corporate & Business Data,Information Technology,Software,USA
www.mataderodegijon.es,97109,150 GB,19/5/2024 21:40,"System & Infrastructure Data, Corporate & Business Data",Utilities,Independent Power Producers & Energy Traders,Spain
www.houstonwastesolutions.com,97853,120.7 Gb,17/5/2024 12:10,"Personal Identifiable Information (PII), Corporate & Business Data",Industrials,Commercial Services & Supplies,USA
www.eastshoresound.com,93731,50GB,16/5/2024 4:14,Corporate & Business Data,Information Technology,"Technology Hardware, Storage & Peripherals",United States
www.chuoss.co.jp,95112,20GB,15/5/2024 10:52,"Corporate & Business Data, System & Infrastructure Data",Information Technology,IT Services,Japan
www.oriux.com,95176,300Gb,15/5/2024 9:29,"Corporate & Business Data, Financial & Payment Data, Personal Identifiable Information (PII)",Industrials,Construction & Engineering,United States
www.neodesha.org,98796,35G,14/5/2024 20:14,Corporate & Business Data,Industrials,Commercial & Professional Services,USA
www.rockymountainsales.com,95440,400 GB,14/5/2024 11:53,"Personal Identifiable Information (PII), Corporate & Business Data",Industrials,Commercial Services & Supplies,USA
www.eucatex.com.br,95345,150 GB,14/5/2024 4:53,"Personal Identifiable Information (PII), Financial & Payment Data, Corporate & Business Data, Intellectual Property (IP) & Research Data, System & Infrastructure Data",Materials,Building Products,Brazil
www.confins.com.br,96136,500gb,13/5/2024 20:10,Corporate & Business Data,Industrials,Air Freight & Logistics,Brazil
OKUANT - okuant.com,92659,5 Gb,13/5/2024 8:00,"Corporate & Business Data, Financial & Payment Data, Personal Identifiable Information (PII)",Financials,Real Estate Management & Development,Spain
iseta.fr,94087,100GB,8/5/2024 1:17,Corporate & Business Data,Consumer Discretionary,Consumer Services,France
www.lalengineering.com,99458,100GB,7/5/2024 10:14,"Corporate & Business Data, System & Infrastructure Data",Industrials,Construction & Engineering,USA
www.portosaofrancisco.com.br,99515,548.72 GB,6/5/2024 19:42,"Corporate & Business Data, Personal Identifiable Information (PII), Financial & Payment Data",Industrials,Marine Transportation,Brazil
www.kamojou.co.za,100267,2GB,5/5/2024 6:01,"Corporate & Business Data, System & Infrastructure Data",Industrials,Trading Companies & Distributors,South Africa
www.thaayakam.co.uk,100870,10.7GB,4/5/2024 10:59,"Corporate & Business Data, System & Infrastructure Data",Information Technology,IT Services,United Kingdom
www.extraco.ae,103335,20GB,2/5/2024 6:31,Corporate & Business Data,Industrials,Capital Goods,United Arab Emirates
www.polaris.es,109449,165Gb,26/4/2024 20:10,"Corporate & Business Data, System & Infrastructure Data",Information Technology,IT Services,Spain
www.jutebag.co.uk,108102,20 GB,25/4/2024 10:18,Corporate & Business Data,Information Technology,Software,United Kingdom
www.precisiontimesystems.com,112679,700 GB,25/4/2024 2:06,"Personal Identifiable Information (PII), Corporate & Business Data, Legal & Regulatory Data",Industrials,Industrial Conglomerates,USA
www.designintoto.com.au,110651,700 GB,25/4/2024 0:32,"Personal Identifiable Information (PII), Corporate & Business Data",Information Technology,Software,Australia
www.europeanprof.es,108862,50GB,24/4/2024 9:43,"Authentication & Credential Data, Corporate & Business Data",Information Technology,Software,Spain
www.harmanrealtors.com,110642,82Gb,22/4/2024 9:40,"Personal Identifiable Information (PII), Financial & Payment Data, Corporate & Business Data",Real Estate,Real Estate Management & Development,USA
www.fabricainfo.com,113249,11.6GiB,17/4/2024 19:19,"Corporate & Business Data, Government & Military Data, Personal Identifiable Information (PII)",Information Technology,IT Services,Brazil
www.grupocuevas.es,114762,26GB,16/4/2024 8:38,Corporate & Business Data,Consumer Staples,Food Retail,Spain
www.eebpsa.com.co,115699,"20,2 GB",13/4/2024 12:41,"Corporate & Business Data, Financial & Payment Data",Energy,"Oil, Gas & Consumable Fuels",Colombia
www.robesoncoso.org,122951,1.1 TB,12/4/2024 11:48,"Government & Military Data, Corporate & Business Data, Law Enforcement Data",Public Sector,Government Services,USA
www.cyncsolutions.com,113796,100Gb,9/4/2024 10:30,"Corporate & Business Data, System & Infrastructure Data",Information Technology,IT Services,USA
"Baca County Feedyard, Inc",122596,220GB,9/4/2024 8:56,"Corporate & Business Data, Communication & Social Data",Financials,Diversified Financial Services,United States
www.skywaycoach.ca,123965,60GB,8/4/2024 10:50,"Personal Identifiable Information (PII), Financial & Payment Data, Authentication & Credential Data, Corporate & Business Data",Industrials,Airlines,Canada
www.farmaciaflorio.com,124386,200Gb,8/4/2024 9:13,"Personal Identifiable Information (PII), Corporate & Business Data",Health Care,Health Care Providers & Services,Italy
www.nrshealthcare.com,101682,578Gb,7/4/2024 10:00,"Corporate & Business Data, Financial & Payment Data",Health Care,Health Care Equipment & Supplies,United Kingdom
www.hcisystems.net,127574,500Gb,6/4/2024 16:07,"Corporate & Business Data, Financial & Payment Data, Intellectual Property (IP) & Research Data",Information Technology,Software,USA
www.betteraccountingsolutions.com,126609,200 GB,6/4/2024 0:34,Corporate & Business Data,Information Technology,Software,USA
www.aretusamilano.it,125468,90GB,4/4/2024 21:46,"Personal Identifiable Information (PII), Financial & Payment Data, Corporate & Business Data, Authentication & Credential Data",Industrials,Commercial Services & Supplies,Italy
www.agenciahost.com,130572,8 GB,3/4/2024 1:15,"Personal Identifiable Information (PII), Authentication & Credential Data, System & Infrastructure Data",Information Technology,IT Services,United States
www.constelacion.com.sv,131825,497GB,2/4/2024 5:46,"Personal Identifiable Information (PII), Financial & Payment Data, Authentication & Credential Data, Corporate & Business Data, System & Infrastructure Data",Financials,Thrifts & Mortgage Finance,El Salvador
www.avantit.no,136294,7G,28/3/2024 10:31,"Authentication & Credential Data, System & Infrastructure Data",Information Technology,IT Services,Norway
www.pgesco.com,137922,8 Tb Crypted,22/3/2024 9:50,"Personal Identifiable Information (PII), Financial & Payment Data, Corporate & Business Data",Industrials,Construction & Engineering,USA
www.wisd.net,134426,45GB,22/3/2024 8:41,System & Infrastructure Data,Information Technology,Software,USA
www.industrialdealimentos.com,136131,17 GB,20/3/2024 20:14,"Corporate & Business Data, Financial & Payment Data, Intellectual Property (IP) & Research Data, System & Infrastructure Data",Consumer Staples,Food Products,Brazil
www.lapastina.com,141133,6GB,20/3/2024 9:16,Corporate & Business Data,Consumer Staples,Food Distribution,Italy
www.kovra.com.my,147728,12GB,12/3/2024 18:52,"Personal Identifiable Information (PII), Financial & Payment Data, Corporate & Business Data",Industrials,Machinery,Malaysia
www.computan.com,146366,72GB,11/3/2024 4:20,"Personal Identifiable Information (PII), Financial & Payment Data, Corporate & Business Data, System & Infrastructure Data",Information Technology,Software,Canada
www.scadea.com,147120,30GB,10/3/2024 11:42,"Personal Identifiable Information (PII), Authentication & Credential Data, Corporate & Business Data, Communication & Social Data",Information Technology,IT Services,India
www.go4kora.tv,146091,12GB,9/3/2024 13:57,"Personal Identifiable Information (PII), Financial & Payment Data, Authentication & Credential Data, Corporate & Business Data, Communication & Social Data",Communication Services,Media & Entertainment,Tuvalu
www.rekamy.com,148050,42GB,8/3/2024 19:15,"Personal Identifiable Information (PII), Corporate & Business Data, Financial & Payment Data",Information Technology,Software,Malaysia
www.dvttechnologyltd.com,149511,51GB,8/3/2024 17:23,"Personal Identifiable Information (PII), Financial & Payment Data, Corporate & Business Data",Consumer Discretionary,Retailing,United Kingdom
www.siea.sk,150849,62GB,7/3/2024 15:14,"Corporate & Business Data, Government & Military Data, System & Infrastructure Data",Industrials,Commercial & Professional Services,Slovakia
www.spmundi.com.br,150794,8GB,7/3/2024 2:59,"Personal Identifiable Information (PII), Financial & Payment Data, Corporate & Business Data",Financials,Capital Markets,Brazil
www.merchant.id,150082,50GB,6/3/2024 14:57,Corporate & Business Data,Information Technology,IT Services,Indonesia
www.shootinghouse.com.br,154375,60GB,28/2/2024 22:23,"Corporate & Business Data, System & Infrastructure Data",Information Technology,Software,Brazil
www.headwaterco.com,153088,57GB,26/2/2024 17:28,Corporate & Business Data,Industrials,Trading Companies & Distributors,USA
www.al-shefafarm.ro(SOLD),156776,150GB,23/2/2024 9:14,"Personal Identifiable Information (PII), Medical & Health Records (PHI), Financial & Payment Data, Corporate & Business Data",Health Care,Health Care Providers & Services,Romania 
www.ykp.com.br,262581,150GB,7/2/2024 22:27,"Personal Identifiable Information (PII), Financial & Payment Data, Corporate & Business Data",Information Technology,IT Services,Brazil
